-- MySQL dump 10.13  Distrib 8.0.18, for Win64 (x86_64)
--
-- Host: 127.0.0.1    Database: database final project
-- ------------------------------------------------------
-- Server version	8.0.33

/*!40101 SET @OLD_CHARACTER_SET_CLIENT=@@CHARACTER_SET_CLIENT */;
/*!40101 SET @OLD_CHARACTER_SET_RESULTS=@@CHARACTER_SET_RESULTS */;
/*!40101 SET @OLD_COLLATION_CONNECTION=@@COLLATION_CONNECTION */;
/*!50503 SET NAMES utf8mb4 */;
/*!40103 SET @OLD_TIME_ZONE=@@TIME_ZONE */;
/*!40103 SET TIME_ZONE='+00:00' */;
/*!40014 SET @OLD_UNIQUE_CHECKS=@@UNIQUE_CHECKS, UNIQUE_CHECKS=0 */;
/*!40014 SET @OLD_FOREIGN_KEY_CHECKS=@@FOREIGN_KEY_CHECKS, FOREIGN_KEY_CHECKS=0 */;
/*!40101 SET @OLD_SQL_MODE=@@SQL_MODE, SQL_MODE='NO_AUTO_VALUE_ON_ZERO' */;
/*!40111 SET @OLD_SQL_NOTES=@@SQL_NOTES, SQL_NOTES=0 */;

--
-- Table structure for table `actors`
--

DROP TABLE IF EXISTS `actors`;
/*!40101 SET @saved_cs_client     = @@character_set_client */;
/*!50503 SET character_set_client = utf8mb4 */;
CREATE TABLE `actors` (
  `movie_name` varchar(100) NOT NULL,
  `actor_name` varchar(100) NOT NULL,
  PRIMARY KEY (`movie_name`,`actor_name`),
  CONSTRAINT `actors_ibfk_1` FOREIGN KEY (`movie_name`) REFERENCES `movies` (`movie_name`)
) ENGINE=InnoDB DEFAULT CHARSET=utf8mb4 COLLATE=utf8mb4_0900_ai_ci;
/*!40101 SET character_set_client = @saved_cs_client */;

--
-- Dumping data for table `actors`
--

LOCK TABLES `actors` WRITE;
/*!40000 ALTER TABLE `actors` DISABLE KEYS */;
INSERT INTO `actors` VALUES ('不能說的秘密','周杰倫'),('不能說的秘密','鄭秀文'),('不能說的秘密','黃秋生'),('刺客聶隱娘','彭于晏'),('刺客聶隱娘','舒淇'),('刺客聶隱娘','陳冲'),('失戀33天','李李仁'),('失戀33天','鄭人碩'),('失戀33天','陳妍希'),('我的少女時代','李玉璽'),('我的少女時代','柯震東'),('我的少女時代','陳妍希'),('海角七號','柯俊雄'),('海角七號','王識賢'),('海角七號','鄭人碩'),('狼爸','劉曉慶'),('狼爸','林子祥'),('狼爸','林書豪'),('老師·好','張孝全'),('老師·好','柯震東'),('老師·好','陳意涵'),('艋舺','李晨'),('艋舺','柯震東'),('艋舺','楊佑寧'),('賽德克‧巴萊','林志玲'),('賽德克‧巴萊','林柏宏'),('賽德克‧巴萊','陳柏霖'),('那些年，我們一起追的女孩','柯震東'),('那些年，我們一起追的女孩','陳妍希'),('那些年，我們一起追的女孩','黃騰浩');
/*!40000 ALTER TABLE `actors` ENABLE KEYS */;
UNLOCK TABLES;

--
-- Table structure for table `bookingseats`
--

DROP TABLE IF EXISTS `bookingseats`;
/*!40101 SET @saved_cs_client     = @@character_set_client */;
/*!50503 SET character_set_client = utf8mb4 */;
CREATE TABLE `bookingseats` (
  `order_id` int NOT NULL,
  `cinema_name` varchar(100) DEFAULT NULL,
  `theater_number` int DEFAULT NULL,
  `seat_number` int NOT NULL,
  PRIMARY KEY (`order_id`,`seat_number`),
  KEY `cinema_name` (`cinema_name`,`theater_number`,`seat_number`),
  CONSTRAINT `bookingseats_ibfk_1` FOREIGN KEY (`order_id`) REFERENCES `orders` (`order_id`),
  CONSTRAINT `bookingseats_ibfk_2` FOREIGN KEY (`cinema_name`, `theater_number`, `seat_number`) REFERENCES `seats` (`cinema_name`, `theater_number`, `seat_number`)
) ENGINE=InnoDB DEFAULT CHARSET=utf8mb4 COLLATE=utf8mb4_0900_ai_ci;
/*!40101 SET character_set_client = @saved_cs_client */;

--
-- Dumping data for table `bookingseats`
--

LOCK TABLES `bookingseats` WRITE;
/*!40000 ALTER TABLE `bookingseats` DISABLE KEYS */;
INSERT INTO `bookingseats` VALUES (1,'影城1',1,1),(2,'影城1',1,1),(1,'影城1',1,2),(2,'影城1',1,2),(1,'影城1',1,3),(2,'影城1',1,3),(1,'影城1',1,4),(2,'影城1',1,4),(1,'影城1',1,5),(2,'影城1',1,5),(3,'影城1',2,1),(4,'影城1',2,2),(3,'影城1',2,3),(4,'影城1',2,3),(3,'影城1',2,4),(4,'影城1',2,4),(4,'影城1',2,5),(5,'影城2',1,1),(6,'影城2',1,1),(5,'影城2',1,2),(6,'影城2',1,2),(5,'影城2',1,3),(6,'影城2',1,3),(5,'影城2',1,4),(6,'影城2',1,4),(6,'影城2',1,5),(7,'影城3',1,1),(8,'影城3',1,1),(7,'影城3',1,2),(8,'影城3',1,2),(7,'影城3',1,3),(8,'影城3',1,3),(7,'影城3',1,4),(11,'影城3',1,4),(7,'影城3',1,5),(8,'影城3',1,5),(10,'影城3',2,1),(9,'影城3',2,2),(10,'影城3',2,2),(9,'影城3',2,3),(9,'影城3',2,4),(10,'影城3',2,4),(10,'影城3',2,5);
/*!40000 ALTER TABLE `bookingseats` ENABLE KEYS */;
UNLOCK TABLES;

--
-- Table structure for table `cinemas`
--

DROP TABLE IF EXISTS `cinemas`;
/*!40101 SET @saved_cs_client     = @@character_set_client */;
/*!50503 SET character_set_client = utf8mb4 */;
CREATE TABLE `cinemas` (
  `cinema_name` varchar(100) NOT NULL,
  `address` varchar(100) DEFAULT NULL,
  `phone_number` varchar(20) DEFAULT NULL,
  PRIMARY KEY (`cinema_name`)
) ENGINE=InnoDB DEFAULT CHARSET=utf8mb4 COLLATE=utf8mb4_0900_ai_ci;
/*!40101 SET character_set_client = @saved_cs_client */;

--
-- Dumping data for table `cinemas`
--

LOCK TABLES `cinemas` WRITE;
/*!40000 ALTER TABLE `cinemas` DISABLE KEYS */;
INSERT INTO `cinemas` VALUES ('影城1','台北市中正區忠孝西路1號','02-12345678'),('影城10','新北市永和區永和路10號','02-01234567'),('影城2','新北市板橋區中山路2號','02-23456789'),('影城3','台中市西區公益路3號','04-34567890'),('影城4','高雄市前鎮區成功路4號','07-45678901'),('影城5','台北市大安區敦化南路5號','02-56789012'),('影城6','新北市新店區中正路6號','02-67890123'),('影城7','台中市北區健行路7號','04-78901234'),('影城8','高雄市左營區文康路8號','07-89012345'),('影城9','台北市中山區南京東路9號','02-90123456');
/*!40000 ALTER TABLE `cinemas` ENABLE KEYS */;
UNLOCK TABLES;

--
-- Table structure for table `members`
--

DROP TABLE IF EXISTS `members`;
/*!40101 SET @saved_cs_client     = @@character_set_client */;
/*!50503 SET character_set_client = utf8mb4 */;
CREATE TABLE `members` (
  `member_id` int NOT NULL,
  `name` varchar(100) DEFAULT NULL,
  `email` varchar(100) DEFAULT NULL,
  `phone_number` varchar(20) DEFAULT NULL,
  PRIMARY KEY (`member_id`)
) ENGINE=InnoDB DEFAULT CHARSET=utf8mb4 COLLATE=utf8mb4_0900_ai_ci;
/*!40101 SET character_set_client = @saved_cs_client */;

--
-- Dumping data for table `members`
--

LOCK TABLES `members` WRITE;
/*!40000 ALTER TABLE `members` DISABLE KEYS */;
INSERT INTO `members` VALUES (1,'陳小明','chenxiaoming@example.com','0912345678'),(2,'林美玲','linmeiling@example.com','0923456789'),(3,'張建宏','zhangjianhong@example.com','0934567890'),(4,'李佳慧','lijiahui@example.com','0945678901'),(5,'王大同','wangdatong@example.com','0956789012'),(6,'黃小娟','huangxiaojuan@example.com','0967890123'),(7,'劉正男','liuzhengnan@example.com','0978901234'),(8,'吳雅琪','wuyaqi@example.com','0989012345'),(9,'林明志','linmingzhi@example.com','0990123456'),(10,'陳思婷','chensiting@example.com','0901234567');
/*!40000 ALTER TABLE `members` ENABLE KEYS */;
UNLOCK TABLES;

--
-- Table structure for table `movies`
--

DROP TABLE IF EXISTS `movies`;
/*!40101 SET @saved_cs_client     = @@character_set_client */;
/*!50503 SET character_set_client = utf8mb4 */;
CREATE TABLE `movies` (
  `movie_name` varchar(100) NOT NULL,
  `release_date` date DEFAULT NULL,
  `duration` int DEFAULT NULL,
  `director` varchar(100) DEFAULT NULL,
  `rating` varchar(10) DEFAULT NULL,
  PRIMARY KEY (`movie_name`)
) ENGINE=InnoDB DEFAULT CHARSET=utf8mb4 COLLATE=utf8mb4_0900_ai_ci;
/*!40101 SET character_set_client = @saved_cs_client */;

--
-- Dumping data for table `movies`
--

LOCK TABLES `movies` WRITE;
/*!40000 ALTER TABLE `movies` DISABLE KEYS */;
INSERT INTO `movies` VALUES ('不能說的秘密','2007-08-23',109,'周杰倫','普遍級'),('刺客聶隱娘','2015-08-28',104,'侯孝賢','輔導級'),('失戀33天','2011-12-08',111,'陳玉珊','輔導級'),('我的少女時代','2015-08-13',134,'陳玉珊','輔導級'),('海角七號','2008-08-08',120,'魏德聖','普遍級'),('狼爸','2015-08-07',110,'楊雅喆','輔導級'),('老師·好','2014-06-27',104,'楊雅喆','輔導級'),('艋舺','2010-07-23',113,'魏德聖','限制級'),('賽德克‧巴萊','2011-04-09',276,'魏德聖','限制級'),('那些年，我們一起追的女孩','2011-08-19',109,'陳玉珊','輔導級');
/*!40000 ALTER TABLE `movies` ENABLE KEYS */;
UNLOCK TABLES;

--
-- Table structure for table `moviesessions`
--

DROP TABLE IF EXISTS `moviesessions`;
/*!40101 SET @saved_cs_client     = @@character_set_client */;
/*!50503 SET character_set_client = utf8mb4 */;
CREATE TABLE `moviesessions` (
  `session_id` int NOT NULL,
  `cinema_name` varchar(100) DEFAULT NULL,
  `theater_number` int DEFAULT NULL,
  `movie_name` varchar(100) DEFAULT NULL,
  `showtime` datetime DEFAULT NULL,
  PRIMARY KEY (`session_id`),
  KEY `cinema_name` (`cinema_name`,`theater_number`),
  KEY `movie_name` (`movie_name`),
  CONSTRAINT `moviesessions_ibfk_1` FOREIGN KEY (`cinema_name`, `theater_number`) REFERENCES `theaters` (`cinema_name`, `theater_number`),
  CONSTRAINT `moviesessions_ibfk_2` FOREIGN KEY (`movie_name`) REFERENCES `movies` (`movie_name`)
) ENGINE=InnoDB DEFAULT CHARSET=utf8mb4 COLLATE=utf8mb4_0900_ai_ci;
/*!40101 SET character_set_client = @saved_cs_client */;

--
-- Dumping data for table `moviesessions`
--

LOCK TABLES `moviesessions` WRITE;
/*!40000 ALTER TABLE `moviesessions` DISABLE KEYS */;
INSERT INTO `moviesessions` VALUES (1,'影城1',1,'賽德克‧巴萊','2023-06-10 10:00:00'),(2,'影城1',1,'賽德克‧巴萊','2023-06-10 13:00:00'),(3,'影城1',2,'刺客聶隱娘','2023-06-18 11:00:00'),(4,'影城1',2,'刺客聶隱娘','2023-06-18 14:00:00'),(5,'影城2',1,'失戀33天','2023-06-08 12:00:00'),(6,'影城2',1,'失戀33天','2023-06-08 15:00:00'),(7,'影城3',1,'賽德克‧巴萊','2023-06-15 10:00:00'),(8,'影城3',1,'賽德克‧巴萊','2023-06-15 13:00:00'),(9,'影城3',2,'刺客聶隱娘','2023-06-25 11:00:00'),(10,'影城3',2,'刺客聶隱娘','2023-06-25 14:00:00'),(11,'影城4',1,'海角七號','2023-06-12 10:00:00'),(12,'影城4',1,'海角七號','2023-06-12 13:00:00'),(13,'影城4',2,'失戀33天','2023-06-12 11:00:00'),(14,'影城4',2,'失戀33天','2023-06-12 14:00:00'),(15,'影城5',1,'那些年，我們一起追的女孩','2023-06-15 10:00:00'),(16,'影城5',1,'那些年，我們一起追的女孩','2023-06-15 13:00:00'),(17,'影城5',2,'老師·好','2023-06-15 11:00:00'),(18,'影城5',2,'老師·好','2023-06-15 14:00:00'),(19,'影城6',1,'狼爸','2023-06-12 10:00:00'),(20,'影城6',1,'狼爸','2023-06-12 13:00:00'),(21,'影城6',2,'那些年，我們一起追的女孩','2023-06-20 11:00:00'),(22,'影城6',2,'那些年，我們一起追的女孩','2023-06-20 14:00:00'),(23,'影城7',1,'不能說的秘密','2023-06-12 10:00:00'),(24,'影城7',1,'不能說的秘密','2023-06-12 13:00:00'),(25,'影城7',2,'老師·好','2023-06-20 11:00:00'),(26,'影城7',2,'老師·好','2023-06-20 14:00:00'),(27,'影城8',1,'不能說的秘密','2023-06-18 10:00:00'),(28,'影城8',1,'不能說的秘密','2023-06-18 13:00:00'),(29,'影城8',2,'狼爸','2023-06-18 11:00:00'),(30,'影城8',2,'狼爸','2023-06-18 14:00:00'),(31,'影城9',1,'艋舺','2023-06-20 10:00:00'),(32,'影城9',1,'艋舺','2023-06-20 13:00:00'),(33,'影城9',2,'我的少女時代','2023-06-20 11:00:00'),(34,'影城9',2,'我的少女時代','2023-06-20 14:00:00'),(35,'影城10',1,'我的少女時代','2023-06-25 10:00:00'),(36,'影城10',1,'我的少女時代','2023-06-25 13:00:00'),(37,'影城10',2,'艋舺','2023-06-25 11:00:00'),(38,'影城10',2,'艋舺','2023-06-25 14:00:00');
/*!40000 ALTER TABLE `moviesessions` ENABLE KEYS */;
UNLOCK TABLES;

--
-- Table structure for table `orders`
--

DROP TABLE IF EXISTS `orders`;
/*!40101 SET @saved_cs_client     = @@character_set_client */;
/*!50503 SET character_set_client = utf8mb4 */;
CREATE TABLE `orders` (
  `order_id` int NOT NULL,
  `session_id` int DEFAULT NULL,
  `member_id` int DEFAULT NULL,
  `order_time` datetime DEFAULT NULL,
  PRIMARY KEY (`order_id`),
  KEY `session_id` (`session_id`),
  KEY `member_id` (`member_id`),
  CONSTRAINT `orders_ibfk_1` FOREIGN KEY (`session_id`) REFERENCES `moviesessions` (`session_id`),
  CONSTRAINT `orders_ibfk_2` FOREIGN KEY (`member_id`) REFERENCES `members` (`member_id`)
) ENGINE=InnoDB DEFAULT CHARSET=utf8mb4 COLLATE=utf8mb4_0900_ai_ci;
/*!40101 SET character_set_client = @saved_cs_client */;

--
-- Dumping data for table `orders`
--

LOCK TABLES `orders` WRITE;
/*!40000 ALTER TABLE `orders` DISABLE KEYS */;
INSERT INTO `orders` VALUES (1,1,1,'2023-05-19 09:30:00'),(2,2,2,'2023-05-19 10:15:00'),(3,3,3,'2023-05-19 11:00:00'),(4,4,4,'2023-05-19 11:45:00'),(5,5,5,'2023-05-19 12:30:00'),(6,6,6,'2023-05-19 13:15:00'),(7,7,7,'2023-05-19 14:00:00'),(8,8,8,'2023-05-19 14:45:00'),(9,9,9,'2023-05-19 15:30:00'),(10,10,10,'2023-05-19 16:15:00'),(11,8,9,'2023-05-19 05:11:55');
/*!40000 ALTER TABLE `orders` ENABLE KEYS */;
UNLOCK TABLES;

--
-- Table structure for table `seats`
--

DROP TABLE IF EXISTS `seats`;
/*!40101 SET @saved_cs_client     = @@character_set_client */;
/*!50503 SET character_set_client = utf8mb4 */;
CREATE TABLE `seats` (
  `cinema_name` varchar(100) NOT NULL,
  `theater_number` int NOT NULL,
  `seat_number` int NOT NULL,
  `seat_type` varchar(20) DEFAULT NULL,
  PRIMARY KEY (`cinema_name`,`theater_number`,`seat_number`),
  CONSTRAINT `seats_ibfk_1` FOREIGN KEY (`cinema_name`, `theater_number`) REFERENCES `theaters` (`cinema_name`, `theater_number`)
) ENGINE=InnoDB DEFAULT CHARSET=utf8mb4 COLLATE=utf8mb4_0900_ai_ci;
/*!40101 SET character_set_client = @saved_cs_client */;

--
-- Dumping data for table `seats`
--

LOCK TABLES `seats` WRITE;
/*!40000 ALTER TABLE `seats` DISABLE KEYS */;
INSERT INTO `seats` VALUES ('影城1',1,1,'普通座位'),('影城1',1,2,'普通座位'),('影城1',1,3,'普通座位'),('影城1',1,4,'VIP座位'),('影城1',1,5,'VIP座位'),('影城1',2,1,'普通座位'),('影城1',2,2,'普通座位'),('影城1',2,3,'VIP座位'),('影城1',2,4,'VIP座位'),('影城1',2,5,'VIP座位'),('影城10',1,1,'普通座位'),('影城10',1,2,'普通座位'),('影城10',1,3,'VIP座位'),('影城10',1,4,'VIP座位'),('影城10',1,5,'VIP座位'),('影城10',2,1,'普通座位'),('影城10',2,2,'普通座位'),('影城10',2,3,'VIP座位'),('影城10',2,4,'VIP座位'),('影城10',2,5,'VIP座位'),('影城2',1,1,'普通座位'),('影城2',1,2,'普通座位'),('影城2',1,3,'普通座位'),('影城2',1,4,'VIP座位'),('影城2',1,5,'VIP座位'),('影城2',2,1,'普通座位'),('影城2',2,2,'普通座位'),('影城2',2,3,'VIP座位'),('影城2',2,4,'VIP座位'),('影城2',2,5,'VIP座位'),('影城3',1,1,'普通座位'),('影城3',1,2,'普通座位'),('影城3',1,3,'VIP座位'),('影城3',1,4,'VIP座位'),('影城3',1,5,'VIP座位'),('影城3',2,1,'普通座位'),('影城3',2,2,'普通座位'),('影城3',2,3,'VIP座位'),('影城3',2,4,'VIP座位'),('影城3',2,5,'VIP座位'),('影城4',1,1,'普通座位'),('影城4',1,2,'普通座位'),('影城4',1,3,'VIP座位'),('影城4',1,4,'VIP座位'),('影城4',1,5,'VIP座位'),('影城4',2,1,'普通座位'),('影城4',2,2,'普通座位'),('影城4',2,3,'VIP座位'),('影城4',2,4,'VIP座位'),('影城4',2,5,'VIP座位'),('影城5',1,1,'普通座位'),('影城5',1,2,'普通座位'),('影城5',1,3,'VIP座位'),('影城5',1,4,'VIP座位'),('影城5',1,5,'VIP座位'),('影城5',2,1,'普通座位'),('影城5',2,2,'普通座位'),('影城5',2,3,'VIP座位'),('影城5',2,4,'VIP座位'),('影城5',2,5,'VIP座位'),('影城6',1,1,'普通座位'),('影城6',1,2,'普通座位'),('影城6',1,3,'VIP座位'),('影城6',1,4,'VIP座位'),('影城6',1,5,'VIP座位'),('影城6',2,1,'普通座位'),('影城6',2,2,'普通座位'),('影城6',2,3,'VIP座位'),('影城6',2,4,'VIP座位'),('影城6',2,5,'VIP座位'),('影城7',1,1,'普通座位'),('影城7',1,2,'普通座位'),('影城7',1,3,'VIP座位'),('影城7',1,4,'VIP座位'),('影城7',1,5,'VIP座位'),('影城7',2,1,'普通座位'),('影城7',2,2,'普通座位'),('影城7',2,3,'VIP座位'),('影城7',2,4,'VIP座位'),('影城7',2,5,'VIP座位'),('影城8',1,1,'普通座位'),('影城8',1,2,'普通座位'),('影城8',1,3,'VIP座位'),('影城8',1,4,'VIP座位'),('影城8',1,5,'VIP座位'),('影城8',2,1,'普通座位'),('影城8',2,2,'普通座位'),('影城8',2,3,'VIP座位'),('影城8',2,4,'VIP座位'),('影城8',2,5,'VIP座位'),('影城9',1,1,'普通座位'),('影城9',1,2,'普通座位'),('影城9',1,3,'VIP座位'),('影城9',1,4,'VIP座位'),('影城9',1,5,'VIP座位'),('影城9',2,1,'普通座位'),('影城9',2,2,'普通座位'),('影城9',2,3,'VIP座位'),('影城9',2,4,'VIP座位'),('影城9',2,5,'VIP座位');
/*!40000 ALTER TABLE `seats` ENABLE KEYS */;
UNLOCK TABLES;

--
-- Table structure for table `showing`
--

DROP TABLE IF EXISTS `showing`;
/*!40101 SET @saved_cs_client     = @@character_set_client */;
/*!50503 SET character_set_client = utf8mb4 */;
CREATE TABLE `showing` (
  `movie_name` varchar(100) NOT NULL,
  `cinema_name` varchar(100) NOT NULL,
  `end_time` date DEFAULT NULL,
  PRIMARY KEY (`movie_name`,`cinema_name`),
  KEY `cinema_name` (`cinema_name`),
  CONSTRAINT `showing_ibfk_1` FOREIGN KEY (`movie_name`) REFERENCES `movies` (`movie_name`),
  CONSTRAINT `showing_ibfk_2` FOREIGN KEY (`cinema_name`) REFERENCES `cinemas` (`cinema_name`)
) ENGINE=InnoDB DEFAULT CHARSET=utf8mb4 COLLATE=utf8mb4_0900_ai_ci;
/*!40101 SET character_set_client = @saved_cs_client */;

--
-- Dumping data for table `showing`
--

LOCK TABLES `showing` WRITE;
/*!40000 ALTER TABLE `showing` DISABLE KEYS */;
INSERT INTO `showing` VALUES ('不能說的秘密','影城7','2023-06-25'),('不能說的秘密','影城8','2023-06-25'),('刺客聶隱娘','影城1','2023-06-25'),('刺客聶隱娘','影城3','2023-06-25'),('失戀33天','影城2','2023-06-25'),('失戀33天','影城4','2023-06-25'),('我的少女時代','影城10','2023-06-25'),('我的少女時代','影城9','2023-06-25'),('海角七號','影城4','2023-06-25'),('狼爸','影城6','2023-06-25'),('狼爸','影城8','2023-06-25'),('老師·好','影城5','2023-06-25'),('老師·好','影城7','2023-06-25'),('艋舺','影城10','2023-06-25'),('艋舺','影城9','2023-06-25'),('賽德克‧巴萊','影城1','2023-06-25'),('賽德克‧巴萊','影城3','2023-06-25'),('那些年，我們一起追的女孩','影城5','2023-06-25'),('那些年，我們一起追的女孩','影城6','2023-06-25');
/*!40000 ALTER TABLE `showing` ENABLE KEYS */;
UNLOCK TABLES;

--
-- Table structure for table `theaters`
--

DROP TABLE IF EXISTS `theaters`;
/*!40101 SET @saved_cs_client     = @@character_set_client */;
/*!50503 SET character_set_client = utf8mb4 */;
CREATE TABLE `theaters` (
  `cinema_name` varchar(100) NOT NULL,
  `theater_number` int NOT NULL,
  PRIMARY KEY (`cinema_name`,`theater_number`),
  CONSTRAINT `theaters_ibfk_1` FOREIGN KEY (`cinema_name`) REFERENCES `cinemas` (`cinema_name`)
) ENGINE=InnoDB DEFAULT CHARSET=utf8mb4 COLLATE=utf8mb4_0900_ai_ci;
/*!40101 SET character_set_client = @saved_cs_client */;

--
-- Dumping data for table `theaters`
--

LOCK TABLES `theaters` WRITE;
/*!40000 ALTER TABLE `theaters` DISABLE KEYS */;
INSERT INTO `theaters` VALUES ('影城1',1),('影城1',2),('影城10',1),('影城10',2),('影城2',1),('影城2',2),('影城3',1),('影城3',2),('影城4',1),('影城4',2),('影城5',1),('影城5',2),('影城6',1),('影城6',2),('影城7',1),('影城7',2),('影城8',1),('影城8',2),('影城9',1),('影城9',2);
/*!40000 ALTER TABLE `theaters` ENABLE KEYS */;
UNLOCK TABLES;

--
-- Table structure for table `ticketinfo`
--

DROP TABLE IF EXISTS `ticketinfo`;
/*!40101 SET @saved_cs_client     = @@character_set_client */;
/*!50503 SET character_set_client = utf8mb4 */;
CREATE TABLE `ticketinfo` (
  `session_id` int NOT NULL,
  `cinema_name` varchar(100) DEFAULT NULL,
  `theater_number` int DEFAULT NULL,
  `seat_number` int NOT NULL,
  `price` decimal(8,2) DEFAULT NULL,
  `is_reserved` int DEFAULT NULL,
  PRIMARY KEY (`session_id`,`seat_number`),
  KEY `cinema_name` (`cinema_name`,`theater_number`,`seat_number`),
  CONSTRAINT `ticketinfo_ibfk_1` FOREIGN KEY (`session_id`) REFERENCES `moviesessions` (`session_id`),
  CONSTRAINT `ticketinfo_ibfk_2` FOREIGN KEY (`cinema_name`, `theater_number`, `seat_number`) REFERENCES `seats` (`cinema_name`, `theater_number`, `seat_number`)
) ENGINE=InnoDB DEFAULT CHARSET=utf8mb4 COLLATE=utf8mb4_0900_ai_ci;
/*!40101 SET character_set_client = @saved_cs_client */;

--
-- Dumping data for table `ticketinfo`
--

LOCK TABLES `ticketinfo` WRITE;
/*!40000 ALTER TABLE `ticketinfo` DISABLE KEYS */;
INSERT INTO `ticketinfo` VALUES (1,'影城1',1,1,150.00,1),(1,'影城1',1,2,200.00,1),(1,'影城1',1,3,200.00,1),(1,'影城1',1,4,200.00,1),(1,'影城1',1,5,200.00,1),(2,'影城1',1,1,150.00,1),(2,'影城1',1,2,200.00,1),(2,'影城1',1,3,200.00,1),(2,'影城1',1,4,200.00,1),(2,'影城1',1,5,200.00,1),(3,'影城1',2,1,150.00,1),(3,'影城1',2,2,200.00,0),(3,'影城1',2,3,200.00,1),(3,'影城1',2,4,200.00,1),(3,'影城1',2,5,200.00,0),(4,'影城1',2,1,150.00,0),(4,'影城1',2,2,200.00,1),(4,'影城1',2,3,200.00,1),(4,'影城1',2,4,200.00,1),(4,'影城1',2,5,200.00,1),(5,'影城2',1,1,150.00,1),(5,'影城2',1,2,200.00,1),(5,'影城2',1,3,200.00,1),(5,'影城2',1,4,200.00,1),(5,'影城2',1,5,200.00,0),(6,'影城2',1,1,150.00,1),(6,'影城2',1,2,200.00,1),(6,'影城2',1,3,200.00,1),(6,'影城2',1,4,200.00,1),(6,'影城2',1,5,200.00,1),(7,'影城3',1,1,150.00,1),(7,'影城3',1,2,200.00,1),(7,'影城3',1,3,200.00,1),(7,'影城3',1,4,200.00,1),(7,'影城3',1,5,200.00,1),(8,'影城3',1,1,150.00,1),(8,'影城3',1,2,200.00,1),(8,'影城3',1,3,200.00,1),(8,'影城3',1,4,200.00,1),(8,'影城3',1,5,200.00,1),(9,'影城3',2,1,150.00,0),(9,'影城3',2,2,200.00,1),(9,'影城3',2,3,200.00,1),(9,'影城3',2,4,200.00,1),(9,'影城3',2,5,200.00,0),(10,'影城3',2,1,150.00,1),(10,'影城3',2,2,200.00,1),(10,'影城3',2,3,200.00,0),(10,'影城3',2,4,200.00,1),(10,'影城3',2,5,200.00,1),(11,'影城4',1,1,150.00,0),(11,'影城4',1,2,200.00,0),(11,'影城4',1,3,200.00,0),(11,'影城4',1,4,200.00,0),(11,'影城4',1,5,200.00,0),(12,'影城4',1,1,150.00,0),(12,'影城4',1,2,200.00,0),(12,'影城4',1,3,200.00,0),(12,'影城4',1,4,200.00,0),(12,'影城4',1,5,200.00,0),(13,'影城4',2,1,150.00,0),(13,'影城4',2,2,200.00,0),(13,'影城4',2,3,200.00,0),(13,'影城4',2,4,200.00,0),(13,'影城4',2,5,200.00,0),(14,'影城4',2,1,150.00,0),(14,'影城4',2,2,200.00,0),(14,'影城4',2,3,200.00,0),(14,'影城4',2,4,200.00,0),(14,'影城4',2,5,200.00,0),(15,'影城5',1,1,150.00,0),(15,'影城5',1,2,200.00,0),(15,'影城5',1,3,200.00,0),(15,'影城5',1,4,200.00,0),(15,'影城5',1,5,200.00,0),(16,'影城5',1,1,150.00,0),(16,'影城5',1,2,200.00,0),(16,'影城5',1,3,200.00,0),(16,'影城5',1,4,200.00,0),(16,'影城5',1,5,200.00,0),(17,'影城5',2,1,150.00,0),(17,'影城5',2,2,200.00,0),(17,'影城5',2,3,200.00,0),(17,'影城5',2,4,200.00,0),(17,'影城5',2,5,200.00,0),(18,'影城5',2,1,150.00,0),(18,'影城5',2,2,200.00,0),(18,'影城5',2,3,200.00,0),(18,'影城5',2,4,200.00,0),(18,'影城5',2,5,200.00,0),(19,'影城6',1,1,150.00,0),(19,'影城6',1,2,200.00,0),(19,'影城6',1,3,200.00,0),(19,'影城6',1,4,200.00,0),(19,'影城6',1,5,200.00,0),(20,'影城6',1,1,150.00,0),(20,'影城6',1,2,200.00,0),(20,'影城6',1,3,200.00,0),(20,'影城6',1,4,200.00,0),(20,'影城6',1,5,200.00,0),(21,'影城6',2,1,150.00,0),(21,'影城6',2,2,200.00,0),(21,'影城6',2,3,200.00,0),(21,'影城6',2,4,200.00,0),(21,'影城6',2,5,200.00,0),(22,'影城6',2,1,150.00,0),(22,'影城6',2,2,200.00,0),(22,'影城6',2,3,200.00,0),(22,'影城6',2,4,200.00,0),(22,'影城6',2,5,200.00,0),(23,'影城7',1,1,150.00,0),(23,'影城7',1,2,200.00,0),(23,'影城7',1,3,200.00,0),(23,'影城7',1,4,200.00,0),(23,'影城7',1,5,200.00,0),(24,'影城7',1,1,150.00,0),(24,'影城7',1,2,200.00,0),(24,'影城7',1,3,200.00,0),(24,'影城7',1,4,200.00,0),(24,'影城7',1,5,200.00,0),(25,'影城7',2,1,150.00,0),(25,'影城7',2,2,200.00,0),(25,'影城7',2,3,200.00,0),(25,'影城7',2,4,200.00,0),(25,'影城7',2,5,200.00,0),(26,'影城7',2,1,150.00,0),(26,'影城7',2,2,200.00,0),(26,'影城7',2,3,200.00,0),(26,'影城7',2,4,200.00,0),(26,'影城7',2,5,200.00,0),(27,'影城8',1,1,150.00,0),(27,'影城8',1,2,200.00,0),(27,'影城8',1,3,200.00,0),(27,'影城8',1,4,200.00,0),(27,'影城8',1,5,200.00,0),(28,'影城8',1,1,150.00,0),(28,'影城8',1,2,200.00,0),(28,'影城8',1,3,200.00,0),(28,'影城8',1,4,200.00,0),(28,'影城8',1,5,200.00,0),(29,'影城8',2,1,150.00,0),(29,'影城8',2,2,200.00,0),(29,'影城8',2,3,200.00,0),(29,'影城8',2,4,200.00,0),(29,'影城8',2,5,200.00,0),(30,'影城8',2,1,150.00,0),(30,'影城8',2,2,200.00,0),(30,'影城8',2,3,200.00,0),(30,'影城8',2,4,200.00,0),(30,'影城8',2,5,200.00,0),(31,'影城9',1,1,150.00,0),(31,'影城9',1,2,200.00,0),(31,'影城9',1,3,200.00,0),(31,'影城9',1,4,200.00,0),(31,'影城9',1,5,200.00,0),(32,'影城9',1,1,150.00,0),(32,'影城9',1,2,200.00,0),(32,'影城9',1,3,200.00,0),(32,'影城9',1,4,200.00,0),(32,'影城9',1,5,200.00,0),(33,'影城9',2,1,150.00,0),(33,'影城9',2,2,200.00,0),(33,'影城9',2,3,200.00,0),(33,'影城9',2,4,200.00,0),(33,'影城9',2,5,200.00,0),(34,'影城9',2,1,150.00,0),(34,'影城9',2,2,200.00,0),(34,'影城9',2,3,200.00,0),(34,'影城9',2,4,200.00,0),(34,'影城9',2,5,200.00,0),(35,'影城10',1,1,150.00,0),(35,'影城10',1,2,200.00,0),(35,'影城10',1,3,200.00,0),(35,'影城10',1,4,200.00,0),(35,'影城10',1,5,200.00,0),(36,'影城10',1,1,150.00,0),(36,'影城10',1,2,200.00,0),(36,'影城10',1,3,200.00,0),(36,'影城10',1,4,200.00,0),(36,'影城10',1,5,200.00,0),(37,'影城10',2,1,150.00,0),(37,'影城10',2,2,200.00,0),(37,'影城10',2,3,200.00,0),(37,'影城10',2,4,200.00,0),(37,'影城10',2,5,200.00,0),(38,'影城10',2,1,150.00,0),(38,'影城10',2,2,200.00,0),(38,'影城10',2,3,200.00,0),(38,'影城10',2,4,200.00,0),(38,'影城10',2,5,200.00,0);
/*!40000 ALTER TABLE `ticketinfo` ENABLE KEYS */;
UNLOCK TABLES;

--
-- Dumping routines for database 'database final project'
--
/*!40103 SET TIME_ZONE=@OLD_TIME_ZONE */;

/*!40101 SET SQL_MODE=@OLD_SQL_MODE */;
/*!40014 SET FOREIGN_KEY_CHECKS=@OLD_FOREIGN_KEY_CHECKS */;
/*!40014 SET UNIQUE_CHECKS=@OLD_UNIQUE_CHECKS */;
/*!40101 SET CHARACTER_SET_CLIENT=@OLD_CHARACTER_SET_CLIENT */;
/*!40101 SET CHARACTER_SET_RESULTS=@OLD_CHARACTER_SET_RESULTS */;
/*!40101 SET COLLATION_CONNECTION=@OLD_COLLATION_CONNECTION */;
/*!40111 SET SQL_NOTES=@OLD_SQL_NOTES */;

-- Dump completed on 2023-05-19  6:53:32
